time,open,high,low,close
1730934000,4.239,4.4465,4.236,4.4365
1731020400,4.439,4.439,4.2925,4.311
1731279600,4.3125,4.332,4.2225,4.2445
1731366000,4.2465,4.2595,4.132,4.145
1731452400,4.145,4.166,4.0655,4.0705
1731538800,4.0715,4.0985,4.0015,4.0785
1731625200,4.0785,4.172,4.0595,4.0635
1731884400,4.0665,4.1355,4.0505,4.1255
1731970800,4.124,4.1745,4.0885,4.1675
1732057200,4.166,4.179,4.1365,4.153
1732143600,4.153,4.1665,4.097,4.1115
1732230000,4.109,4.1195,4.061,4.085
1732489200,4.091,4.132,4.0865,4.104
1732575600,4.1075,4.115,4.0425,4.06
1732662000,4.131,4.174,4.1205,4.141
1732748400,4.14,4.167,4.1195,4.143
1733094000,4.143,4.1475,4.0815,4.14
1733180400,4.139,4.261,4.112,4.197
1733266800,4.197,4.2155,4.17,4.1985
1733353200,4.197,4.2335,4.1755,4.1995
1733439600,4.1995,4.253,4.1815,4.196
1733698800,4.2005,4.296,4.18,4.261
1733785200,4.26,4.279,4.231,4.273
1733871600,4.2735,4.3245,4.2315,4.2625
1733958000,4.2625,4.335,4.2175,4.2415
1734044400,4.2415,4.2435,4.1845,4.1955
1734303600,4.1965,4.219,4.17,4.1945
1734390000,4.1945,4.198,4.133,4.1475
1734476400,4.147,4.1695,4.0855,4.089
1734562800,4.092,4.118,4.07,4.083
1734649200,4.0845,4.112,4.07,4.0985
1734908400,4.0985,4.1285,4.0755,4.0945
1734994800,4.0945,4.1235,4.085,4.1025
1735167600,4.115,4.1455,4.0725,4.1385
1735254000,4.1365,4.151,4.108,4.127
1735513200,4.126,4.1485,4.0815,4.09
1735599600,4.09,4.098,4.0075,4.0235
1735772400,4.031,4.058,4.005,4.036
1735858800,4.035,4.0825,4.009,4.0765
1736118000,4.0765,4.2005,4.0585,4.1515
1736204400,4.152,4.213,4.1405,4.177
1736290800,4.1765,4.273,4.167,4.269
1736377200,4.269,4.3495,4.257,4.314
1736463600,4.3135,4.36,4.282,4.29
1736722800,4.284,4.3435,4.2735,4.3265
1736809200,4.3265,4.366,4.3105,4.348
1736895600,4.349,4.4045,4.3175,4.3985
1736982000,4.3975,4.447,4.385,4.435
1737068400,4.435,4.47,4.3445,4.351
1737327600,4.3565,4.3815,4.27,4.338
1737500400,4.3395,4.341,4.2815,4.2945
1737586800,4.2925,4.3355,4.2355,4.3275
1737673200,4.328,4.389,4.3085,4.311
1737932400,4.313,4.313,4.2225,4.242
1738018800,4.243,4.2795,4.2355,4.25
1738105200,4.2505,4.3115,4.205,4.2885
1738191600,4.287,4.3455,4.261,4.3095
1738278000,4.3075,4.319,4.257,4.273
1738537200,4.2585,4.3375,4.1835,4.3305
1738623600,4.332,4.372,4.3065,4.3625
1738710000,4.359,4.4565,4.343,4.437
1738796400,4.437,4.5095,4.411,4.4585
1738882800,4.458,4.608,4.457,4.595
1739142000,4.598,4.715,4.5705,4.693
1739228400,4.6935,4.7,4.541,4.5975
1739314800,4.5975,4.7125,4.5755,4.692
1739401200,4.695,4.7905,4.6835,4.7845
1739487600,4.783,4.8365,4.6365,4.6375
1739746800,4.6465,4.6695,4.5425,4.5825
1739919600,4.589,4.61,4.5515,4.57
1740006000,4.573,4.637,4.546,4.611
1740092400,4.61,4.615,4.533,4.536
1740351600,4.5355,4.5715,4.4975,4.509
1740438000,4.508,4.662,4.47,4.6545
1740524400,4.6585,4.7005,4.518,4.5345
1740610800,4.5835,4.6685,4.549,4.5945
1740697200,4.5955,4.597,4.5115,4.5635
1740956400,4.5765,4.6535,4.5365,4.5905
1741042800,4.588,4.6325,4.5185,4.581
1741129200,4.58,4.825,4.5465,4.806
1741215600,4.804,4.851,4.735,4.775
1741302000,4.7755,4.7955,4.6805,4.713
1741557600,4.714,4.734,4.63,4.646
1741644000,4.648,4.8045,4.626,4.7965
1741730400,4.7935,4.9035,4.775,4.8415
1741816800,4.841,4.9345,4.7965,4.9195
1741903200,4.928,4.9575,4.871,4.882
1742162400,4.8845,4.984,4.875,4.9775
1742248800,4.979,5.025,4.956,5.0055
1742335200,5.0045,5.1245,4.9965,5.122
1742421600,5.124,5.1485,5.056,5.113
1742508000,5.1105,5.1375,5.027,5.1035
1742767200,5.0965,5.1845,5.075,5.082
1742853600,5.086,5.2285,5.0765,5.2275
1742940000,5.2275,5.374,5.222,5.2405
1743026400,5.2405,5.2715,5.089,5.12
1743112800,5.1195,5.1675,5.062,5.1075
1743372000,5.13,5.146,4.985,5.0525
1743458400,5.055,5.1155,5.0045,5.0325
1743544800,5.0295,5.145,4.985,5.031
1743631200,5,5,4.808,4.812
1743717600,4.814,4.8245,4.372,4.388
1743976800,4.35,4.465,4.03,4.305
1744063200,4.3135,4.365,4.0925,4.116
1744149600,4.1075,4.4715,4.038,4.4715
1744236000,4.4665,4.467,4.31,4.391
1744322400,4.3785,4.565,4.327,4.5525
1744581600,4.59,4.687,4.5205,4.663
1744668000,4.653,4.6645,4.535,4.6155
1744754400,4.613,4.6985,4.5435,4.6775
1744840800,4.677,4.751,4.5645,4.705
1745186400,4.716,4.806,4.685,4.7205
1745272800,4.7205,4.8925,4.719,4.848
1745359200,4.86,4.932,4.821,4.832
1745445600,4.8325,4.886,4.8095,4.8815
1745532000,4.882,4.8905,4.736,4.845
1745791200,4.839,4.867,4.77,4.8485
1745877600,4.897,4.9635,4.8435,4.8625
1745964000,4.8625,4.8655,4.524,4.61
1746050400,4.6155,4.683,4.5975,4.634
1746136800,4.639,4.7435,4.618,4.6975
1746396000,4.704,4.7655,4.663,4.7055
1746482400,4.705,4.793,4.672,4.755
1746568800,4.7595,4.807,4.6125,4.62
1746655200,4.6185,4.6775,4.5425,4.602
1746741600,4.6035,4.74,4.4775,4.654
1747000800,4.69,4.7295,4.5895,4.6305
1747087200,4.6305,4.7315,4.605,4.7085
1747173600,4.711,4.737,4.628,4.6435
1747260000,4.6435,4.7075,4.5715,4.681
1747346400,4.682,4.698,4.569,4.5915
1747605600,4.6085,4.6785,4.561,4.6635
1747692000,4.6635,4.6815,4.5855,4.674
1747778400,4.6765,4.712,4.6485,4.6575
1747864800,4.6625,4.7435,4.569,4.678
1747951200,4.6785,4.89,4.629,4.865
1748210400,4.8705,4.887,4.7295,4.745
1748383200,4.745,4.77,4.665,4.684
1748469600,4.679,4.7455,4.6515,4.671
1748556000,4.6745,4.727,4.646,4.702
1748815200,4.72,4.9495,4.72,4.858
1748901600,4.8485,4.8695,4.7185,4.865
1748988000,4.863,4.916,4.839,4.901
1749074400,4.8985,5.0615,4.88,4.9115
1749160800,4.911,4.9495,4.823,4.8325
1749420000,4.8385,4.9395,4.8245,4.901
1749506400,4.903,4.926,4.851,4.889
1749592800,4.8905,4.9135,4.776,4.8065
1749679200,4.8065,4.8495,4.765,4.843
1749765600,4.8425,4.857,4.709,4.7515
1750024800,4.7645,4.868,4.728,4.8145
1750111200,4.821,4.8405,4.777,4.7915
1750284000,4.851,4.8735,4.743,4.834
1750629600,4.77,4.919,4.77,4.8865
1750716000,4.8875,4.95,4.8425,4.9005
1750802400,4.8975,4.9295,4.8725,4.926
1750888800,4.9315,5.0995,4.915,5.0535
1750975200,5.109,5.1455,5.021,5.122
1751234400,5.1245,5.1385,5.0625,5.1115
1751320800,5.109,5.1925,5.0755,5.099
1751407200,5.0985,5.212,5.077,5.196
1751493600,5.1995,5.2045,5.1205,5.136
1751580000,5.0645,5.0925,4.9825,5.005
1751925600,5.012,5.8955,4.9725,5.51
1752012000,5.48,5.7305,5.425,5.5435
1752098400,5.541,5.6855,5.5255,5.6275
1752184800,5.629,5.6625,5.4735,5.584
1752444000,5.583,5.603,5.455,5.5255
1752530400,5.525,5.6125,5.4925,5.5165
1752616800,5.5155,5.5665,5.468,5.5185
1752703200,5.5175,5.5295,5.474,5.498
1752789600,5.498,5.615,5.4955,5.5815
1753048800,5.591,5.6685,5.5635,5.6405
1753135200,5.641,5.7715,5.575,5.768
1753221600,5.765,5.93,5.722,5.8395
1753308000,5.8445,5.9585,5.781,5.826
1753394400,5.827,5.838,5.744,5.804
1753653600,5.7965,5.846,5.4265,5.62
1753740000,5.624,5.6755,5.555,5.6695
1753826400,5.66,5.83,4.503,4.63
1753912800,4.6395,4.652,4.3325,4.4305
1753999200,4.433,4.451,4.364,4.443
1754258400,4.4505,4.48,4.4005,4.456
1754344800,4.4585,4.471,4.3725,4.3795
1754431200,4.381,4.4355,4.38,4.413
1754517600,4.4125,4.449,4.3905,4.414
1754604000,4.414,4.4915,4.4015,4.485
1754863200,4.4835,4.485,4.4275,4.4445
1754949600,4.4505,4.539,4.4435,4.517
1755036000,4.5165,4.55,4.484,4.4975
1755122400,4.4975,4.5145,4.4495,4.4975
1755208800,4.497,4.518,4.466,4.489
1755468000,4.488,4.505,4.45,4.477
1755554400,4.4775,4.493,4.4205,4.4295
1755640800,4.43,4.4475,4.414,4.433
1755727200,4.4315,4.4555,4.407,4.448
1755813600,4.452,4.4805,4.4275,4.461
1756072800,4.46,4.499,4.454,4.4605
1756159200,4.4635,4.488,4.431,4.472
1756245600,4.4685,4.4755,4.3745,4.423
1756332000,4.5,4.555,4.4845,4.5445
1756418400,4.5445,4.594,4.5365,4.585
1756677600,4.592,4.649,4.541,4.641
1756850400,4.6455,4.675,4.602,4.617
1756936800,4.6145,4.6205,4.552,4.5645
1757023200,4.566,4.62,4.5365,4.5435
1757282400,4.543,4.579,4.5255,4.567
1757368800,4.565,4.59,4.546,4.5755
1757455200,4.5745,4.626,4.5635,4.605
1757541600,4.605,4.684,4.597,4.671
1757628000,4.6725,4.6995,4.643,4.648
1757887200,4.6525,4.726,4.6385,4.719
1757973600,4.7195,4.722,4.6805,4.699
1758060000,4.699,4.704,4.583,4.6155
1758146400,4.615,4.631,4.5765,4.6
1758232800,4.6,4.6425,4.589,4.6305
1758492000,4.6305,4.653,4.599,4.651
1758578400,4.6505,4.6545,4.615,4.64
1758664800,4.6415,4.8445,4.592,4.8275
1758751200,4.825,4.9395,4.747,4.7885
1758837600,4.788,4.8,4.714,4.7645
1759096800,4.76,4.9205,4.7505,4.906
1759183200,4.9055,4.913,4.82,4.8775
1759269600,4.879,4.904,4.816,4.8945
1759356000,4.892,4.9895,4.85,4.954
1759442400,4.954,5.1205,4.938,5.085
1759701600,5.089,5.124,5.0145,5.0415
1759788000,5.042,5.1465,5.032,5.091
1759874400,5.094,5.156,5.065,5.0815
1759960800,5.0805,5.261,5.04,5.14
1760047200,5.1405,5.1785,4.822,4.845
1760306400,4.923,5.18,4.9225,5.13
1760392800,5.1325,5.178,4.9315,4.998
1760479200,5.0105,5.0825,4.945,4.972
1760565600,4.9765,5.0165,4.9305,4.9835
1760652000,4.9875,5.0245,4.8835,4.9975
1760911200,4.9885,5.076,4.971,5.0485
1760997600,5.05,5.072,4.9145,4.9525
1761084000,4.956,5.016,4.9155,5.005
1761170400,4.9925,5.1185,4.9785,5.0855
1761256800,5.088,5.1515,5.0675,5.1175
1761516000,5.1725,5.247,5.1145,5.159
1761602400,5.163,5.1845,5.083,5.169
1761688800,5.171,5.279,5.149,5.2015
1761775200,5.2035,5.2335,5.0425,5.104
1761861600,5.111,5.1285,5.048,5.114
1762124400,5.1,5.1295,5.0185,5.069
1762210800,5.0545,5.066,4.9075,4.9255
1762297200,4.928,5.007,4.888,4.989
1762383600,4.993,5.0375,4.9525,4.9755
1762470000,4.9735,5.008,4.9515,4.958
1762729200,4.97,5.12,4.967,5.0995
1762815600,5.0955,5.1045,5.052,5.0635
1762902000,5.0635,5.1505,5.025,5.0865
1762988400,5.0925,5.163,5.0365,5.0575
1763074800,5.0615,5.092,5.002,5.05
1763334000,5.0535,5.058,4.961,4.9895
1763420400,4.9925,5.007,4.9475,4.9695
1763506800,4.968,5.0395,4.953,5.031
1763593200,5.0285,5.0545,4.9455,4.9535
1763679600,4.9535,5.023,4.915,4.996
1763938800,5.0105,5.02,4.9605,5.002
1764025200,5.0045,5.105,4.994,5.024
1764111600,5.1095,5.21,5.101,5.2035
1764198000,5.206,5.3095,5.133,5.278
1764543600,5.2825,5.3635,5.2645,5.269
1764630000,5.27,5.316,5.2235,5.243
1764716400,5.2465,5.437,5.2415,5.3915
1764802800,5.3935,5.4255,5.31,5.362
1764889200,5.3605,5.49,5.3455,5.454
1765148400,5.4565,5.495,5.395,5.4265
1765234800,5.43,5.4405,5.3135,5.3295
1765321200,5.3325,5.423,5.323,5.407
1765407600,5.402,5.516,5.36,5.488
1765494000,5.4885,5.5305,5.28,5.3585
1765753200,5.349,5.52,5.344,5.407
1765839600,5.411,5.413,5.3175,5.3625
1765926000,5.3615,5.4655,5.361,5.4265
1766012400,5.4275,5.469,5.3805,5.4245
1766098800,5.4275,5.5655,5.4055,5.4835
1766358000,5.4875,5.553,5.48,5.5035
1766444400,5.501,5.621,5.484,5.56
1766530800,5.563,5.6645,5.531,5.573
1766703600,5.68,5.888,5.6695,5.8515
1766962800,5.8595,5.9235,5.5575,5.5705
1767049200,5.5745,5.7955,5.535,5.7465
1767135600,5.7535,5.7785,5.6375,5.694
1767308400,5.697,5.759,5.668,5.698
1767567600,5.7095,6.007,5.6995,5.9905
1767654000,5.989,6.1125,5.9455,6.0615
1767740400,6.062,6.0695,5.841,5.8525
1767826800,5.8545,5.9285,5.6955,5.806
1767913200,5.8075,5.939,5.7385,5.8905
1768172400,5.8985,6.069,5.897,6.007
1768258800,6.0085,6.0935,5.9475,6.004
1768345200,6.005,6.154,6.004,6.095
1768431600,6.099,6.1095,5.908,5.9915
1768518000,5.993,6.0245,5.7715,5.8485
1768777200,5.86,5.937,5.744,5.83
1768950000,5.8335,5.896,5.7335,5.8055
1769036400,5.81,5.8185,5.696,5.803
1769122800,5.8055,5.967,5.7865,5.937
1769382000,5.95,6.0335,5.8885,5.9055
1769468400,5.9055,5.957,5.8095,5.951
1769554800,5.9645,6.0075,5.895,5.997
1769641200,5.997,6.583,5.955,6.282
1769727600,6.2845,6.387,5.76,5.967
1769986800,5.905,5.905,5.564,5.8325
1770073200,5.8395,6.115,5.83,6.0945
1770159600,6.1,6.1155,5.832,5.927
1770246000,5.936,5.964,5.685,5.7205
1770332400,5.732,5.891,5.5955,5.8875
1770591600,5.9,5.981,5.8435,5.9615
1770678000,5.9585,5.9615,5.8825,5.907
1770764400,5.9085,6.088,5.893,5.99
1770850800,5.986,6.023,5.7545,5.775
1770937200,5.7695,5.849,5.6775,5.788
1771196400,5.7855,5.802,5.627,5.6765
1771369200,5.676,5.812,5.666,5.778
1771455600,5.78,5.813,5.6795,5.762
1771542000,5.763,5.877,5.7305,5.87
1771801200,5.869,5.904,5.751,5.798
1771887600,5.799,5.937,5.7865,5.898
1771974000,5.9015,6.006,5.8935,5.985
1772060400,6.0475,6.0605,5.964,6.025
1772146800,6.029,6.141,5.9975,6.061
1772406000,6.015,6.0955,5.9275,5.9645
1772492400,5.9615,6.0125,5.747,5.8325
1772578800,5.843,5.9665,5.812,5.9035
1772665200,5.9095,5.9535,5.775,5.827
1772751600,5.829,5.8815,5.779,5.8375
1773007200,5.83,5.9055,5.6395,5.9005
1773093600,5.9065,5.962,5.8625,5.9165
1773180000,5.9255,5.943,5.8345,5.9095
1773266400,5.919,5.919,5.808,5.821
1773352800,5.8265,5.8565,5.659,5.675
1773612000,5.68,5.86,5.656,5.8375
1773698400,5.845,5.854,5.737,5.766
1773784800,5.777,5.7785,5.46,5.4735
1773871200,5.4885,5.555,5.297,5.521
1773957600,5.525,5.565,5.271,5.302
1774216800,5.312,5.585,5.246,5.4865
1774303200,5.485,5.57,5.356,5.558
1774389600,5.5585,5.5965,5.5005,5.52
1774476000,5.5245,5.541,5.445,5.4705
1774562400,5.485,5.5685,5.455,5.4615
1774821600,5.4575,5.5415,5.405,5.487
1774908000,5.4865,5.654,5.4645,5.652
1774994400,5.648,5.663,5.5845,5.6175
1775080800,5.626,5.727,5.513,5.6815
1775426400,5.6625,5.697,5.574,5.6055
1775512800,5.611,5.641,5.5385,5.595
1775599200,5.6025,5.786,5.6025,5.753
1775685600,5.746,5.778,5.6915,5.7555
1775772000,5.7555,5.936,5.7375,5.868
1776031200,5.8175,6.0245,5.764,6.0035
1776117600,6.0035,6.0955,5.9965,6.0815
1776204000,6.082,6.148,6.063,6.0785
1776290400,6.0755,6.132,6.028,6.0355
1776376800,6.037,6.127,6.018,6.0815
1776636000,6.031,6.098,5.9725,6.0455
1776722400,6.05,6.073,5.9675,6.017
1776808800,6.016,6.1515,6.008,6.137
1776895200,6.1375,6.1485,6.0105,6.025
1776981600,6.028,6.047,5.9835,6.0285
1777240800,6.032,6.0755,5.9895,6.0275
1777327200,6.021,6.0395,5.8745,5.9195
1777413600,5.9795,6.024,5.904,5.9265
1777500000,5.9285,6.03,5.9245,6.0275
1777586400,6.027,6.04,5.9565,5.9645
1777845600,5.991,6.0035,5.82,5.8515